<?xml version="1.0" encoding="UTF-8"?>
<project-private xmlns="http://www.netbeans.org/ns/project-private/1">
    <data xmlns="http://www.netbeans.org/ns/make-project-private/1">
        <activeConfTypeElem>1</activeConfTypeElem>
        <activeConfIndexElem>0</activeConfIndexElem>
    </data>
    <editor-bookmarks xmlns="http://www.netbeans.org/ns/editor-bookmarks/2" lastBookmarkId="0"/>
    <open-files xmlns="http://www.netbeans.org/ns/projectui-open-files/2">
        <group>
            <file>file:/home/brian/Downloads/Project5/Camera.cpp</file>
            <file>file:/home/brian/Downloads/Project5/Prism.h</file>
            <file>file:/home/brian/Downloads/Project5/Light.hpp</file>
            <file>file:/home/brian/Downloads/Project5/Rectangle.h</file>
            <file>file:/home/brian/Downloads/Project5/Shader.cpp</file>
            <file>file:/home/brian/Downloads/Project5/Shader.hpp</file>
            <file>file:/home/brian/Downloads/Project5/SFMLApplication.h</file>
            <file>file:/home/brian/Downloads/Project5/Camera.h</file>
            <file>file:/home/brian/Downloads/Project5/lodepng.h</file>
            <file>file:/home/brian/Downloads/Project5/Light.cpp</file>
            <file>file:/home/brian/Downloads/Project5/Texture.hpp</file>
            <file>file:/home/brian/Downloads/Project5/AmbientLight.hpp</file>
            <file>file:/home/brian/Downloads/Project5/Triangle.cpp</file>
            <file>file:/home/brian/Downloads/Project5/DrawableObject.h</file>
            <file>file:/home/brian/Downloads/Project5/AmbientLight.cpp</file>
            <file>file:/home/brian/Downloads/Project5/Texture.cpp</file>
            <file>file:/home/brian/Downloads/Project5/main.cpp</file>
            <file>file:/home/brian/Downloads/Project5/SFMLApplication.cpp</file>
            <file>file:/home/brian/Downloads/Project5/Prism.cpp</file>
            <file>file:/home/brian/Downloads/Project5/Rectangle.cpp</file>
            <file>file:/home/brian/Downloads/Project5/Triangle.hpp</file>
            <file>file:/home/brian/Downloads/Project5/lodepng.cpp</file>
        </group>
    </open-files>
</project-private>
